Text,Value
MF986HS,0.5480959415435791
AC888DK,0.5440089106559753
AC888DR,0.6232931017875671
AC888DI,0.3607100546360016
